Arrest Number,Date,Reference Number,Keywords
01,"10
février
2009",213,
02,"10
février
2009",248/04-CO,
04,"10
février
2009",NEANT,
05,"10
février
2009",200/5-CO,
06,"10
février
2009",46/06-CO,
07,"10
février
2009",476/06-CO,
08,"10
février
2009",31/07-CU,
14,"24
février
2009",404/03-CO,
18,"26
février
2003",,
27,"24
février
2009",205/07-CO,
29,"06
Mars
2009",336/02-COM,
30,"06
Mars
2009",45/O5-CO,
35,"10
Mars
2009",40/06-CU,
37,"10
Mars
2009",286/06-CO,
41,"10
mars
2009",25/05-CO,
42,"10
Mars
2009",308/00-CO,
43,"10
Mars
2009",118/02-CO,
44,"10
Mars
2009",239/05-CO,
45,"10
Mars
2009",85/07-CU,
46,"20
Mars
2009",130/03-CU,
57,"20
Mars
2009",130/06-CO,
66,"24
mars
2009",440/00-CO,
67,"24
mars
2009",446/00-CO,
68,"24
mars
2009",124/03-CO,
69,"24
mars
2009",341/03-CO,
70,"24
mars
2009",289/06-CO,
71,"24
mars
2009",508/066-CO,
72,"24
mars
2009",84/07-CO,
73,"24
mars
2009",120/07-CO,
74,"24
mars
2009",237/97-CO,
75,"24
mars
2009",279/07-CO,
91,"14
avril
2009",80/05-CO,
92,"14
Avril
2009",320/05-2005,
94,"17
Avril
2009",57/06-CO,
98,"17
avril
2009",293/07-CO,
99,"17
avril
2009",306/07-CU,
100,"17
avril
2009",,
102,"17
Avril
2009",60/08-CU,
103,"28
Avril
2009",52/01-CO,
104,"28
avril
2009",58/01-CO,
105,"28
avril
2009",,
106,"28
avril
2009",376/03-C0,
107,"28
avril
2009",451/03,
110,"28
avril
2009",118/,
114,"28
avril
2009",260/06-CO,
124,"15
mai
2009",282/05-CO,
127,"15
mai
2009",92/06-CO,
129,"15
mai
2009",,
133,"26
mai
2009",127/04-CO,
134,"26
mai
2009",409/04-CO,
137,"05
juin
2009",230/05-CO,
138,"5
juin
2009",47/06-CO,
140,"05
juin
2009",316/07-CO,
141,"9
juin
2009",,
142,"9
juin
2009",,
144,"9
juin
2009",558/07-CO,
147,"19
juin
2009",277/02-CO,
153,"23
juin
2009",444/07-CU,
159,"03
Juillet
2009",525/07-SOC,
160,"03
Juillet
2009",34/08-CU,
161,"14
Juillet
2009",441/07-CO,
162,"14
Juillet
2009",59/07-CO,
163,"17
Juillet
2009",597/06-CO,
165,"23
Juillet
2009",09/08-PIL,
169,"7
Août
2009",277/06-CU,
175,"21
Août
2009",453/05-CU,
177,"21
Aout
2009",351/06-CO,
179,"7
Août
2009",521/07-CO,
180,"21
Août
2009",,
182,"25
Août
2009",141/04-SOC,
183,"25
Août
2009",327/05-CO,
187,"4
Septembre
2009",254/06-CO,
190,"04
septembre
2009",514/07-CO,
191,"04
septembre
2009",269/08-CU,
193,"8
septembre
2009",618/07-CO,
194,"08
septembre
2009",128/08-COM,
195,"18
septembre
2009",217/02-CO,
211,"16
octobre
2009",133/06-CU,
218,"16
octobre
2009",269/07-CO,
222,"27
octobre
2009",100/01-CO,
226,"27
octobre
2009",199/05-CO,
230,"27
octobre
2009",530/07-CO,
232,"27
octobre
2009",265/98-CU,
235,"27
octobre
2009",06/06-CO,
237,"27
octobre
2009",314/06-CO,
239,"27
octobre
2009",421,
242,"6
novembre
2009",36/05-CO,
243,"6
novembre
2009",109/06-CO,
244,"6
novembre
2009",264/06-CU,
245,"6
novembre
2009",522/06-SOC,
246,"6
novembre
2009",203/07-CO,
247,"6
novembre
2009",357/07-CO,
248,"6
novembre
2009",598/07-CU,
250,"10
novembre
2009",101/05-CO,
251,"10
novembre
2009",139/05-CO,
252,"20
novembre
2009",93/03-IM,
254,"20
novembre
2009",396/06-CO,
256,"20
novembre
2009",281/07-CU,
259,"24
novembre
2009",283/06-CO,
260,"24
novembre
2009",219/06-CO,
261,"24
novembre
2009",419/06-SOC,
262,"24
novembre
2009",540/06-CO,
264,"24
novembre
2009",210/07-CO,
266,"04
décembre
2009",36/06-SOC,
267,"4
décembre
2009",32/07-CU,
269,"4
décembre
2009",445/07-SOC,
271,"04
Décembre
2009",196/05-IM,
272,"04
décembre
2009",254/05-CO,
274,"04
décembre
2009",,
275,"04
décembre
2009",247/07-CO,
276,"04
décembre
2009",566/07-CO,
278,"08
décembre
2009",208/06-CO,
279,"08
décembre
2009",345/06-CO,
280,"08
décembre
2009",157/07-CO,
